,Movie_Title,Year,ThreeWords
0,Sphere,1998,"['alien', 'attacking', 'beth']"
1,American Outlaws,2001,"['bang', 'burned', 'carousing']"
2,Her,2014,"['amy', 'apartment', 'earpiece']"
3,Signs,2002,"['crying', 'flashlight', 'graham']"
4,A Perfect World,2019,"['111', '40', 'afterthought']"
5,Excalibur,1981,"['animal', 'beowulf', 'crow']"
6,The Relic,2020,"['frock', 'll', 'maceration']"
7,Beasts of the Southern Wild,2012,"['background', 'deodorant', 'dirge']"
8,King Kong,2005,"['angle', 'ann', 'banter']"
9,The Apartment,1960,"['apartment', 'billy', 'diamond']"
10,Machete,2010,"['benz', 'bushes', 'draft']"
11,xXx,2002,"['accident', 'aims', 'binocular']"
12,I Still Know What You Did Last Summer,1998,"['expected', 'help', 'hotel']"
13,Speed,1994,"['brought', 'database', 'internet']"
14,Devil in a Blue Dress,1995,"['blood', 'coffee', 'connection']"
15,Clerks,1994,"['box', 'coffee', 'dante']"
16,Sleepy Hollow,1999,"['arts', 'axe', 'dream']"
17,Tomorrow Never Dies,1997,"['amidst', 'bang', 'billion']"
18,Babel,2006,"['90', 'carts', 'dates']"
19,Grabbers,2012,"['2011', '28', 'beaches']"
20,The King of Comedy,1999,"['chan', 'doing', 'evening']"
21,New York Minute,2004,"['bike', 'blackberry', 'destabilizing']"
22,Hollow Man,2000,"['blood', 'carter', 'closed']"
23,Bonnie and Clyde,1967,"['bonnie', 'car', 'catch']"
24,Tombstone,1993,"['bears', 'california', 'doc']"
25,Birthday Girl,2001,"['alexei', 'arms', 'awful']"
26,Get Out,2017,"['bed', 'finds', 'greene']"
27,The Wolf of Wall Street,2013,"['beers', 'casually', 'champagne']"
28,Trainspotting,1996,"['breakfast', 'cautiously', 'detectives']"
29,No Strings Attached,2011,"['adam', 'alvin', 'computers']"
30,Scream 2,21997,"['away', 'completely', 'dewey']"
31,S. Darko,2009,"['29', 'awkward', 'blurred']"
32,Zerophilia,2006,"['beers', 'cream', 'day']"
33,Purple Rain,1984,"['applause', 'brass', 'bridal']"
34,Alien Resurrection,1997,"['alien', 'falls', 'fires']"
35,Nick of Time,1995,"['17pm', 'beefy', 'center']"
36,Le Diable par la Queue,1969,"['bob', 'diable', 'elle']"
37,Shrek,2001,"['actually', 'breaks', 'bugs']"
38,The Blast from the Past,1999,"['blast', 'hugh', 'kelly']"
39,Roughshod,1949,"['30', 'clay', 'father']"
40,The Invention of Lying,2009,"['attack', 'come', 'cursing']"
41,Ghost World,2001,"['acme', 'blueshammer', 'box']"
42,While She Was Out,2008,"['bitch', 'chuckie', 'clumps']"
43,The Debt,2011,"['237', 'amendments', 'ceiling']"
44,Un Singe en Hiver,1962,"['affectueusement', 'albert', 'aperçoit']"
45,Erin Brockovich,2000,"['brown', 'cause', 'consolation']"
46,Stir of Echoes,1999,"['dining', 'drink', 'freezes']"
47,Arsenic and Old Lace,1944,"['anxious', 'brother', 'dig']"
48,Hotel Rwanda,2005,"['armed', 'captain', 'collapses']"
49,Very Bad Things,1998,"['adam', 'cookies', 'crucifix']"
50,Wag the Dog,1997,"['aircrewman', 'anchor', 'come']"
51,Star Wars Return of the Jedi,1983,"['aerial', 'astrodroid', 'begins']"
52,Spartan,2004,"['bellboy', 'black', 'camaro']"
53,Custody,2017,"['baby', 'bed', 'boys']"
54,City of Joy,1992,"['angle', 'builds', 'cough']"
55,Indiana Jones and the Temple of Doom,1984,"['hollers', 'indy', 'maharajah']"
56,X Men,2006,"['bryan', 'chris', 'mcquarrie']"
57,Carrie,1976,"['90', 'carrie', 'creamcheese']"
58,Little Men,2016,"['dinner', 'disco', 'food']"
59,12 Years a Slave,122013,"['58', 'acrobats', 'clothes']"
60,Kiss of the Spider Woman,1985,"['brought', 'com', 'database']"
61,Blow,2001,"['ants', 'carlos', 'dive']"
62,The Saint,1997,"['500px', '75in', 'div']"
63,Last Tango in Paris,1973,"['adamant', 'blood', 'comes']"
64,The Shining,1980,"['bacon', 'breakfast', 'camera']"
65,Halloween The Curse of Michael Myers,1995,"['curse', 'daniel', 'halloween']"
66,The Last Samurai,2003,"['algren', 'asleep', 'col']"
67,Fletch,1985,"['doors', 'fletch', 'gail']"
68,ParaNorman,2012,"['118', 'alvin', 'boys']"
69,Silver Linings Playbook,2012,"['car', 'dance', 'dr']"
70,Dogma,1999,"['darts', 'fried', 'gang']"
71,Prometheus,2012,"['dancing', 'hang', 'holding']"
72,Scream,1996,"['agonizing', 'closet', 'dead']"
73,Bodyguard,2018,"['comes', 'devaney', 'disapproval']"
74,Indiana Jones and the Raiders of the Lost Ark,1981,"['arabs', 'dive', 'drink']"
75,The Stuntman,1980,"['away', 'bank', 'crystallized']"
76,Saving Private Ryan,1998,"['explosives', 'ext', 'french']"
77,The Getaway,2014,"['bursts', 'car', 'carol']"
78,Jaws,1975,"['closer', 'fires', 'forward']"
79,Ninja Assassin,2009,"['119', 'cartwheels', 'collapses']"
80,Wind Chill,2007,"['43', 'ambulance', 'black']"
81,Mirrors,2008,"['ben', 'cardiac', 'ghosts']"
82,To Sleep with Anger,1990,"['boy', 'drop', 'gentleman']"
83,Analyze That,2002,"['18', 'cell', 'cruise']"
84,Hancock,2008,"['17', 'aaron', 'diving']"
85,Syriana,2005,"['10', 'barhani', 'bills']"
86,50 50,50502016,"['adam', 'boxes', 'cancer']"
87,Big Fish,2004,"['anticipation', 'bed', 'clown']"
88,Rambling Rose,1991,"['buddy', 'cigarette', 'cut']"
89,The Private Life of Sherlock Holmes,1970,"['border', 'dead', 'fifties']"
90,Inception,2010,"['528', 'handcuffs', 'headed']"
91,Interview with the Vampire,1994,"['feel', 'hush', 'louis']"
92,Shakespeare in Love,1998,"['afternoon', 'cushions', 'drunk']"
93,The Postman,1997,"['61', 'army', 'bloodied']"
94,Office Space,1999,"['kiss', 'laughs', 'lawrence']"
95,Agnes of God,1985,"['black', 'distorted', 'frighten']"
96,Alien vs. Predator,2004,"['ackland', 'beard', 'clatters']"
97,Three Kings (Spoils of War),1999,"['baking', 'epps', 'fear']"
98,Suspect Zero,2004,"['caught', 'cursed', 'disappointed']"
99,Top Gun,1986,"['chip', 'href', 'location']"
100,Defiance,2009,"['30', 'arms', 'begin']"
101,Mission Impossible,1996,"['calling', 'cia', 'cockroach']"
102,The Little Mermaid,1989,"['ariel', 'arrives', 'doesn']"
103,Grosse Point Blank,1997,"['actions', 'away', 'chalice']"
104,Badlands,2015,"['cadillac', 'doves', 'ext']"
105,Leviathan,1989,"['beck', 'damn', 'dejesus']"
106,The Sandlot Kids,1993,"['ball', 'baseball', 'beast']"
107,The Searchers,1956,"['captain', 'crosses', 'dead']"
108,The Battle of Algiers,1966,"['anger', 'arms', 'away']"
109,The Battle of Shaker Heights,2003,"['cookie', 'eve', 'friends']"
110,Boyhood,2014,"['bedroom', 'carol', 'grandma']"
111,Traffic,2000,"['ask', 'baking', 'california']"
112,Joker,2019,"['bounding', 'cops', 'dark']"
113,South Park,1997,"['bangs', 'bazztzt', 'bed']"
114,Confessions of a Dangerous Mind,2002,"['actual', 'beer', 'gun']"
115,American History X,1998,"['ask', 'blink', 'burger']"
116,L.A. Confidential,1997,"['errol', 'exley', 'home']"
117,The World is not Enough,1999,"['ceiling', 'covers', 'espionage']"
118,Extract,2009,"['87', 'accident', 'adult']"
119,Mute Witness,1995,"['andy', 'bathrobe', 'breaks']"
120,Nashville,2012,"['answering', 'bathroom', 'cadillac']"
121,Shame,2011,"['answer', 'boyfriend', 'carly']"
122,Withnail and I,1987,"['collapses', 'danny', 'eating']"
123,The Amityville Asylum,2014,"['bedroom', 'boy', 'cut']"
124,American Madness,1932,"['146', '170', 'cigarette']"
125,Three Kings,1999,"['big', 'building', 'captain']"
126,Erik the Viking,1989,"['erik', 'href', 'viking']"
127,The Addams Family,1991,"['135', 'eye', 'gets']"
128,Man Trouble,1992,"['18a', '53', '91']"
129,The Departed,2006,"['ass', 'billy', 'cars']"
130,Law Abiding Citizen,2009,"['angle', 'cellblock', 'finds']"
131,Ringu,1998,"['asakawa', 'brushing', 'cottage']"
132,Bamboozled,2000,"['117', 'box', 'delacroix']"
133,The American,2010,"['alpine', 'come', 'custodia']"
134,Sister Act,1992,"['betrays', 'choir', 'christy']"
135,The Imaginarium of Doctor Parnassus,2009,"['50', 'ballroom', 'better']"
136,Hellraiser Deader,2005,"['accept', 'betty', 'blade']"
137,Final Destination,2000,"['alex', 'bathtub', 'bed']"
138,The Help,2011,"['angelically', 'ankles', 'bought']"
139,Die Hard,1988,"['109', '30', '911']"
140,Collateral Damage,2002,"['200', 'beaten', 'dry']"
141,Panic Room,2002,"['duct', 'fresh', 'groans']"
142,Station West,1948,"['charlie', 'dissolve', 'drink']"
143,Fargo,2014,"['cadillac', 'car', 'carl']"
144,Wild Things,1998,"['away', 'dirty', 'don']"
145,Bad Teacher,2011,"['amy', 'apple', 'elizabeth']"
146,Star Trek Nemesis,2002,"['course', 'floats', 'insists']"
147,The Blues Brothers,1980,"['blues', 'com', 'database']"
148,After School Special,2003,"['71', 'deacon', 'final']"
149,Being John Malkovich,1999,"['buzzes', 'candelabras', 'couch']"
150,Escape From New York,1981,"['burning', 'ext', 'hour']"
151,Wall Street Money Never Sleeps,2010,"['533', 'dollars', 'jacob']"
152,Beauty and the Beast,2017,"['away', 'eagerness', 'esther']"
153,Nightbreed,1990,"['blood', 'boone', 'breaks']"
154,Light Sleeper,1992,"['ann', 'dead', 'dinner']"
155,Valkyrie,2008,"['communications', 'condors', 'drawing']"
156,Human Nature,2001,"['dental', 'eat', 'gabrielle']"
157,Tremors,1990,"['brent', 'maddock', 'tremors']"
158,Adaptation,2002,"['book', 'city', 'crazy']"
159,Margaret,2011,"['105', '80', 'excessive']"
160,Elizabeth The Golden Age,2007,"['35b', 'hate', 'hoofs']"
161,Tinker Tailor Soldier Spy,2011,"['214', '73', 'complete']"
162,30 Minutes or Less,302011,"['basketball', 'black', 'business']"
163,The Box,2009,"['70', 'arthur', 'bus']"
164,Virtuosity,1995,"['alexiev', 'funds', 'gun']"
165,Arthur,2011,"['arthur', 'bentley', 'day']"
166,The Three Musketeers,2011,"['129', '58', 'aramis']"
167,Cradle 2 the Grave,22003,"['archie', 'bombs', 'chase']"
168,Life As A House,2001,"['andrus', 'house', 'href']"
169,Robin Hood Prince of Thieves,1991,"['chest', 'crawling', 'duncan']"
170,Colombiana,2011,"['breakfast', 'cat', 'marshal']"
171,Groundhog Day,1993,"['black', 'dagger', 'doris']"
172,Minority Report,2002,"['15th', '1997', 'aug']"
173,Lord of the Rings Return of the King,2008,"['beating', 'bestial', 'final']"
174,Twins,1988,"['bandage', 'bans', 'continued']"
175,Tristan and Isolde,2006,"['alike', 'battle', 'crying']"
176,The Fugitive,1993,"['booms', 'check', 'driver']"
177,Amour,2012,"['26', 'closet', 'cooked']"
178,Strangers on a Train,1951,"['artificially', 'bruno', 'build']"
179,Gladiator,2000,"['beat', 'christians', 'dies']"
180,The Patriot,2000,"['combination', 'cows', 'especially']"
181,Back to the Future,1985,"['database', 'future', 'imsdb']"
182,Ghostbusters 2,21989,"['avenue', 'enter', 'ghostbusters']"
183,El Mariachi,1992,"['bartender', 'bed', 'cinder']"
184,Pirates of the Caribbean,2003,"['booms', 'elizabeth', 'hook']"
185,Up in the Air,2009,"['530', 'animation', 'change']"
186,Queen of the Damned,2002,"['blood', 'dark', 'floods']"
187,Star Wars The Phantom Menace,1999,"['ambassaodrs', 'bongo', 'crash']"
188,Easy A,2010,"['chair', 'dramatically', 'girl']"
189,Assassins,1995,"['don', 'hacker', 'kill']"
190,127 Hours,1272010,"['29', 'away', 'canyon']"
191,Anonymous,2011,"['arrest', 'day', 'john']"
192,X Men Origins Wolverine,2009,"['boy', 'creed', 'darlin']"
193,Braveheart,1995,"['away', 'believe', 'dead']"
194,Miami Vice,2006,"['500', 'cookies', 'facilitates']"
195,Kafka,1991,"['away', 'came', 'concierge']"
196,They,2002,"['align', 'bidi', 'charactername']"
197,Legend,1985,"['demon', 'faerie', 'faeries']"
198,Hackers,1995,"['cereal', 'confiscated', 'desk']"
199,The Grifters,1990,"['angry', 'bartender', 'betting']"
200,Moon,2009,"['112', 'alarmed', 'base']"
201,Frequency,2000,"['emmerich', 'frequency', 'href']"
202,Fair Game,2010,"['beat', 'cia', 'cigar']"
203,Feast,2006,"['bar', 'closed', 'coach']"
204,Eternal Sunshine of the Spotless Mind,2004,"['alligator', 'ask', 'blessed']"
205,State and Main,2000,"['78', 'ann', 'bob']"
206,Margin Call,2011,"['cohen', 'come', 'desk']"
207,The Pianist,2002,"['bed', 'bread', 'captain']"
208,Enough,2002,"['86', 'dances', 'disbelief']"
209,The Assignment,1997,"['aide', 'airport', 'carlos']"
210,Gangs of New York,2002,"['amsterdam', 'assistant', 'fight']"
211,Into the Woods,2014,"['baker', 'blossoming', 'charming']"
212,Anna Karenina,2012,"['couch', 'destroyed', 'dolly']"
213,Sugar,2009,"['airport', 'baseballs', 'counting']"
214,The Ugly Truth,2009,"['15', '98', 'chops']"
215,Cube,1997,"['cube', 'href', 'location']"
216,Jay and Silent Bob Strike Back,2001,"['anchorman', 'bad', 'bob']"
217,In the Bedroom,2002,"['bad', 'boats', 'bucks']"
218,Pandorum,2009,"['bash', 'bower', 'captain']"
219,Deep Cover,1992,"['bartender', 'blood', 'make']"
220,The Talented Mr. Ripley,1999,"['band', 'casts', 'church']"
221,Frozen (Disney),2013,"['couch', 'couldn', 'drops']"
222,Made,2001,"['cheese', 'flight', 'flush']"
223,The Great Gatsby,2013,"['daisy', 'disappears', 'fireworks']"
224,Sling Blade,1996,"['address', 'bible', 'charles']"
225,Reservoir Dogs,1992,"['bangs', 'beach', 'birthday']"
226,Machine Gun Preacher,2011,"['20', 'family', 'god']"
227,Fracture,2007,"['cell', 'cop', 'courtroom']"
228,Heat,1995,"['24', '40', 'bacon']"
229,The Flintstones,1994,"['154', 'betty', 'carrot']"
230,Hard Rain,1998,"['came', 'cocktails', 'dead']"
231,Casino,1995,"['broke', 'cards', 'crazy']"
232,Looper,2012,"['alleyway', 'barn', 'car']"
233,The Mummy,1971,"['angry', 'bars', 'calls']"
234,This is 40,402012,"['dairy', 'day', 'friends']"
235,Taking Sides,2003,"['bomb', 'british', 'delighted']"
236,My Week with Marilyn,2011,"['53', 'drive', 'glow']"
237,Star Wars The Force Awakens,2015,"['3po', 'boyfriend', 'explosions']"
238,Deadpool,2016,"['ajax', 'armored', 'boom']"
239,Good Will Hunting,1997,"['beat', 'beer', 'behold']"
240,Timber Falls,2007,"['2006', 'abortion', 'blood']"
241,Annie Hall,1977,"['alvy', 'break', 'following']"
242,Pariah,2011,"['bus', 'cruise', 'door']"
243,The Boondock Saints,2000,"['connor', 'crime', 'crying']"
244,Candle to Water,2012,"['caleb', 'carpet', 'foot']"
245,Slumdog Millionaire,2009,"['account', 'browning', 'burgers']"
246,The Bling Ring,2013,"['83', 'chloe', 'crime']"
247,Jennifer Eight,1992,"['angela', 'city', 'door']"
248,Flight,2012,"['bat', 'begin', 'crew']"
249,Meet Joe Black,1998,"['choking', 'drew', 'gratitude']"
250,The Distinguished Gentleman,1992,"['115', '27', '31']"
251,The Theory of Everything,2014,"['78', 'bach', 'body']"
252,Birdman,2014,"['bullets', 'continued', 'mike']"
253,Shrek the Third,2007,"['artie', 'backstage', 'beer']"
254,Tropic Thunder,2008,"['actors', 'ads', 'bombing']"
255,Burn After Reading,2008,"['130', 'basement', 'break']"
256,The Graduate,1967,"['ballroom', 'ben', 'friends']"
257,Godzilla,2014,"['cable', 'captain', 'counts']"
258,Break,1984,"['13', 'dette', 'freeze']"
259,Commando,1985,"['a85', 'brings', 'cat']"
260,The Manchurian Candidate,2004,"['blaring', 'fade', 'inside']"
261,Heathers,1989,"['duke', 'flamboyant', 'genius']"
262,August Osage County,2013,"['25', 'august', 'bathroom']"
263,Kalifornia,1993,"['adele', 'carrie', 'fairy']"
264,The Surfer King,2006,"['alex', 'beach', 'bet']"
265,Bruce Almighty,2003,"['asleep', 'bruce', 'challenging']"
266,Return of the Apes,2001,"['apes', 'return', 'terry']"
267,As Good As It Gets,1997,"['breaks', 'carol', 'melvin']"
268,Airplane 2 The Sequel,21982,"['aborted', 'astronauts', 'cockpit']"
269,Hellraiser,1987,"['beast', 'blood', 'bottle']"
270,The Fifth Element,1997,"['dead', 'drawers', 'girls']"
271,Belle,2014,"['31', 'alarmed', 'aunt']"
272,The Seventh Seal,1957,"['actors', 'ask', 'beer']"
273,The Haunting,2018,"['blind', 'eye', 'forged']"
274,Evil Dead II Dead by Dawn,2016,"['328', '692', 'ash']"
275,Starship Troopers,1997,"['barcalow', 'biology', 'bugs']"
276,Phone Booth,2002,"['divest', 'expressed', 'friends']"
277,Air Force One,1997,"['force', 'href', 'location']"
278,Logan,2017,"['bag', 'bedtime', 'blood']"
279,9,92009,"['beast', 'cat', 'fountain']"
280,Night Time (The Poltergeist Treatment),1982,"['arriving', 'awake', 'breakfast']"
281,A Serious Man,2009,"['bed', 'cyst', 'hugh']"
282,Courage Under Fire,1996,"['imsdb', 'internet', 'movie']"
283,Swingers,1996,"['favreau', 'jon', 'swingers']"
284,The Doors,1991,"['angeles', 'base', 'basketful']"
285,The Nightmare Before Christmas,1993,"['boogie', 'claws', 'cohorts']"
286,Four Feathers,1915,"['amini', 'draft', 'feathers']"
287,The Avengers,2019,"['200', 'dreaming', 'favorite']"
288,The Big Blue,1988,"['bathrobe', 'bottle', 'collar']"
289,The Breakfast Club,1985,"['disgusted', 'don', 'hey']"
290,Mulan,2020,"['caught', 'concubines', 'men']"
291,Honeydripper,2007,"['cotton', 'gang', 'jukebox']"
292,Freaked,1993,"['cookies', 'elijah', 'ha']"
293,Army of Darkness,1992,"['512', 'crowd', 'dark']"
294,The Crow Salvation,2000,"['chip', 'crow', 'johannessen']"
295,Clash of the Titans,2010,"['beating', 'choppy', 'debate']"
296,Fantastic Mr Fox,2009,"['500', 'badger', 'barking']"
297,The Fabulous Baker Boys,1989,"['basketball', 'cigarette', 'crazy']"
298,Star Wars Attack of the Clones,2002,"['clone', 'concentrates', 'conversation']"
299,An Education,2009,"['95', 'birthday', 'bring']"
300,A Few Good Men,1992,"['16', '20', 'bottle']"
301,Lost Horizon,1937,"['bob', 'crime', 'father']"
302,Rush Hour 2,22001,"['carter', 'casino', 'gangsters']"
303,Bachelor Party,2004,"['beating', 'bus', 'car']"
304,Death to Smoochy,2002,"['backstage', 'dance', 'got']"
305,Lincoln,2012,"['away', 'don', 'race']"
306,Room,2016,"['barking', 'carries', 'cereal']"
307,Coco,2017,"['clerk', 'dante', 'exits']"
308,The Losers,2010,"['44', '45', '89']"
309,Pi,1998,"['goes', 'ibm', 'lenny']"
310,Wall Street,1987,"['apartment', 'bedroom', 'beer']"
311,Labor of Love,2020,"['dangerous', 'drunk', 'father']"
312,Austin Powers  International Man of Mystery,1997,"['austin', 'dr', 'eighths']"
313,Raging Bull,1980,"['afraid', 'beaten', 'celebrities']"
314,It Happened One Night,1934,"['310', 'burn', 'deserted']"
315,The Back up Plan,2010,"['come', 'dessert', 'eyes']"
316,Gone in 60 Seconds,602000,"['agony', 'car', 'cars']"
317,The Salton Sea,2002,"['bathroom', 'bed', 'colette']"
318,The Rocky Horror Picture Show,1975,"['163', 'bottles', 'brad']"
319,Blue Velvet,1986,"['basement', 'broken', 'case']"
320,Living in Oblivion,1995,"['checked', 'dream', 'got']"
321,Boogie Nights,1997,"['16mm', 'costs', 'delivers']"
322,Burning Annie,2007,"['98', 'beth', 'charles']"
323,American Shaolin King of Kickboxers II,1991,"['arrives', 'battle', 'clear']"
324,Enemy of the State,1998,"['enemy', 'state']"
325,Snow White and the Huntsman,2012,"['74', 'cell', 'chamber']"
326,Frozen,2010,"['10', '93', 'asked']"
327,Cruel Intentions,1999,"['15', '36', 'aunt']"
328,Crime Spree,2003,"['bonanno', 'button', 'computer']"
329,House of 1000 Corpses,10002003,"['boom', 'car', 'chevy']"
330,Shampoo,1975,"['beatty', 'href', 'location']"
331,The Whistleblower,2011,"['135', 'door', 'girls']"
332,The Rage Carrie 2,21999,"['black', 'good', 'jesse']"
333,Cars 2,22011,"['countdown', 'don', 'explode']"
334,Amelia,2009,"['39', 'boston', 'cont']"
335,Fear and Loathing in Las Vegas,1998,"['cannonball', 'club', 'contempt']"
336,The Cell,2000,"['basement', 'laboratory', 'miriam']"
337,Edward Scissorhands,1990,"['death', 'drop', 'edward']"
338,Ninotchka,1939,"['cigarette', 'conductor', 'crumble']"
339,Vanilla Sky,2001,"['apartment', 'bedroom', 'david']"
340,Field of Dreams,1989,"['1949', '30', 'come']"
341,Arbitrage,2012,"['bedroom', 'blackmail', 'car']"
342,The Crow,1994,"['beat', 'boo', 'car']"
343,Insidious,2011,"['adele', 'clocks', 'dalton']"
344,The Other Boleyn Girl,2008,"['anne', 'away', 'betrothed']"
345,12 Monkeys,121995,"['abruptly', 'asleep', 'billings']"
346,Crying Game,2019,"['48', 'businesslike', 'car']"
347,Die Hard 2,21990,"['440', '79', 'clothes']"
348,Batman,2021,"['bring', 'eckhardt', 'gimme']"
349,Under Fire,1983,"['alex', 'cab', 'cutbacks']"
350,Win Win,2011,"['bartender', 'daddy', 'flaherty']"
351,Rush Hour,1998,"['anti', 'bachelor', 'blows']"
352,Reindeer Games,2000,"['ashley', 'ceiling', 'fuckin']"
353,Copycat,1995,"['copycat', 'href', 'location']"
354,The Adjustment Bureau,2011,"['bus', 'company', 'disbelieving']"
355,Cecil B. Demented,2000,"['ablaze', 'ardonnay', 'cl']"
356,Pearl Harbor,2001,"['harbor', 'pearl', 'randall']"
357,Ghostbusters,1984,"['anger', 'chicken', 'eerie']"
358,Unknown,2011,"['bathroom', 'bowling', 'cart']"
359,Fast Times at Ridgemont High,1982,"['business', 'cokes', 'damone']"
360,Amadeus,1984,"['blank', 'chairs', 'countess']"
361,Mighty Morphin Power Rangers The Movie,1995,"['alpha', 'exploits', 'hit']"
362,The Grudge,2004,"['54a', '69b', 'cause']"
363,Kung Fu Panda,2008,"['china', 'enemies', 'fu']"
364,Supergirl,2015,"['ask', 'bianca', 'death']"
365,The Wild Bunch,1969,"['boxcars', 'ease', 'massaging']"
366,The Shawshank Redemption,1994,"['1966', '228', 'arrest']"
367,American Werewolf in London,2010,"['begins', 'bruises', 'faster']"
368,Hostage,2005,"['bullets', 'day', 'frees']"
369,The Princess Bride,1987,"['grandpa', 'stables', 'talking']"
370,Six Degrees of Separation,1993,"['bedecked', 'brought', 'emergency']"
371,Cable Guy,1996,"['away', 'babbling', 'cable']"
372,Glengarry Glen Gross,1992,"['14', 'came', 'favor']"
373,17 Again,172009,"['bras', 'ed', 'freedman']"
374,American Beauty,1999,"['benz', 'controlling', 'dad']"
375,Quantum Project,2000,"['23', '38', '46']"
376,28 Days Later,282003,"['burning', 'coma', 'die']"
377,Gods and Monsters,1998,"['adjusts', 'bottle', 'clay']"
378,Ace Ventura Pet Detective,1994,"['ace', 'carrey', 'detective']"
379,Pitch Black,2000,"['dunno', 'fry', 'hellified']"
380,Whiteout,2009,"['bloodshot', 'bone', 'bottle']"
381,Terminator Salvation,2009,"['asleep', 'building', 'bumps']"
382,Dead Poets Society,1989,"['birthday', 'carefully', 'cello']"
383,Sugar and Spice,2017,"['spice', 'sugar']"
384,Gang Related,1997,"['cops', 'curtains', 'cynthia']"
385,Lost Highway,1997,"['beep', 'blood', 'camaro']"
386,JFK,1991,"['arrests', 'cia', 'firing']"
387,Sunshine Cleaning,2009,"['42', 'clerk', 'gorilla']"
388,I Spit on Your Grave,2010,"['creek', 'googly', 'isoyg']"
389,Even Cowgirls Get the Blues,1994,"['asleep', 'going', 'honey']"
390,The Bourne Identity,2002,"['attacks', 'attendants', 'carry']"
391,Someone To Watch Over Me,1987,"['camera', 'hand', 'listening']"
392,Frances,1982,"['actress', 'cop', 'cut']"
393,Ronin,1998,"['bullet', 'gun', 'gunmen']"
394,The Wrestler,2009,"['beat', 'brumberg', 'fuck']"
395,The Things My Father Never Taught Me,2012,"['better', 'florist', 'girls']"
396,Fright Night,2011,"['amy', 'breaking', 'dives']"
397,Color of Night,1994,"['babble', 'belong', 'buck']"
398,2012,20122009,"['anheuser', 'crawls', 'fantastic']"
399,Aladdin,2019,"['aladdin', 'duck', 'just']"
400,Drive,2011,"['41', '58', 'bernie']"
401,Lord of Illusions,1995,"['boxes', 'clive', 'die']"
402,Hellboy,2004,"['broom', 'church', 'furiously']"
403,American Gangster,2007,"['000', '20', '280']"
404,Little Athens,2006,"['apartment', 'cheater', 'dave']"
405,Wild Wild West,1999,"['178', '185', '99']"
406,Labyrinth,1986,"['breathtaking', 'goblin', 'mutt']"
407,Magnolia,1999,"['40s', 'angels', 'booth']"
408,Little Nicky,2000,"['angel', 'basketball', 'beefy']"
409,Prom Night,1980,"['74', 'ago', 'amplify']"
410,Twin Peaks,1990,"['238', 'clown', 'continued']"
411,Marty,1955,"['argue', 'boss', 'clara']"
412,Knocked Up,2007,"['alison', 'better', 'cake']"
413,Blade II,2002,"['blade', 'david', 'goyer']"
414,The Proposal,2009,"['alaska', 'brag', 'cup']"
415,Gamer,2009,"['curtains', 'everybody', 'fade']"
416,The Family Man,2019,"['arnie', 'chapter', 'clinton']"
417,War of the Worlds,2005,"['dead', 'feeding', 'ground']"
418,Drag Me to Hell,2009,"['bag', 'bank', 'cake']"
419,Broken Arrow,1996,"['50s', 'beat', 'black']"
420,Gone Baby Gone,2007,"['angie', 'helene', 'just']"
421,Jurassic Park,1993,"['amber', 'drips', 'ellie']"
422,Antitrust,2001,"['alice', 'comes', 'food']"
423,Burlesque,2010,"['ali', 'beads', 'belting']"
424,Shifty,2009,"['78', 'build', 'college']"
425,Ordinary People,1980,"['75', 'beth', 'cabbots']"
426,Tin Cup,1996,"['153', 'brutal', 'buckets']"
427,American Psycho,2000,"['bateman', 'dinner', 'horrified']"
428,Terminator 2 Judgement Day,21993,"['arcade', 'ballistic', 'big']"
429,Les Miserables,2012,"['armies', 'buckets', 'cart']"
430,Autumn in New York,2000,"['birthday', 'charlotte', 'cleveland']"
431,Death at a Funeral,2010,"['aaron', 'bed', 'better']"
432,The Prophecy,1995,"['ate', 'bus', 'coroner']"
433,G.I. Joe The Rise of Cobra,2009,"['clambers', 'drives', 'duke']"
434,The Change Up,2011,"['blowjob', 'chugging', 'classroom']"
435,TMNT,2007,"['busted', 'cam', 'costume']"
436,Life,1999,"['barrel', 'dance', 'eats']"
437,Swordfish,2001,"['bedroom', 'bomb', 'continued']"
438,The Book of Eli,2010,"['2048', 'hell', 'hides']"
439,Sunset Blvd.,1950,"['champagne', 'direct', 'glass']"
440,Psycho,1960,"['bates', 'bathroom', 'birds']"
441,Star Trek II The Wrath of Khan,1982,"['152', 'bat', 'born']"
442,Remember Me,2010,"['1978', '22', '46']"
443,Mr Deeds Goes to Town,1936,"['babe', 'catches', 'close']"
444,The Truman Show,1998,"['brushes', 'car', 'exit']"
445,Darkman,1990,"['10', '197a', '396']"
446,Mud,2013,"['creek', 'darts', 'dead']"
447,Pet Sematary II,1992,"['bare', 'deranged', 'draft']"
448,Bad Boys,1995,"['burnett', 'ducks', 'dumpsters']"
449,Titanic,1997,"['god', 'goes', 'jack']"
450,Body Heat,1981,"['converted', 'costanza', 'extracting']"
451,Thor,2011,"['4th', '66', 'asgard']"
452,A Dry White Season,1989,"['brothers', 'choice', 'grief']"
453,TRON Legacy,2010,"['body', 'boole', 'circuits']"
454,American Hustle,2013,"['30', 'conversation', 'irving']"
455,The Crow City of Angels,1996,"['ashe', 'cheers', 'crouches']"
456,The Sweet Hereafter,1997,"['bad', 'head', 'jeans']"
457,The Damned United,2009,"['bremner', 'chop', 'cup']"
458,The Passion of Joan of Arc,1929,"['breaking', 'ecstasy', 'joan']"
459,Public Enemies,2009,"['20', 'backseat', 'billie']"
460,Silence of the Lambs,1991,"['acknowledgment', 'angle', 'anthrax']"
461,Wild At Heart,1990,"['corner', 'day', 'fried']"
462,Hannah and Her Sisters,1986,"['asking', 'bed', 'cigarette']"
463,Happy Feet,2006,"['47', 'adelies', 'beak']"
464,How to Train Your Dragon 2,22014,"['ambushed', 'astrid', 'crewmen']"
465,Rocky,1976,"['adrian', 'bums', 'cage']"
466,Limitless,2011,"['apartment', 'bunk', 'cage']"
467,Broken Embraces,2009,"['bed', 'belongs', 'caine']"
468,Big,1988,"['billy', 'clothes', 'dwarfs']"
469,Sicario,2015,"['balding', 'blinded', 'cnn']"
470,Eagle Eye,2008,"['deafening', 'elevator', 'expired']"
471,His Girl Friday,1940,"['aching', 'belly', 'cop']"
472,Stepmom,1998,"['00', '35', '400']"
473,Super 8,82011,"['bleeding', 'charles', 'continue']"
474,The Visitor,2008,"['arab', 'colleagues', 'come']"
475,The Planet of the Apes,2001,"['1967', 'aples', 'planet']"
476,Dumb and Dumber,1994,"['bedroom', 'crouches', 'cut']"
477,The Jacket,2005,"['becker', 'bed', 'blood']"
478,Star Trek First Contact,1996,"['airlock', 'batteries', 'bites']"
479,Five Easy Pieces,1970,"['blessing', 'bobby', 'conference']"
480,Confidence,2003,"['25', 'agent', 'brothers']"
481,Saving Mr. Banks,2013,"['don', 'goff', 'husband']"
482,Pride and Prejudice,2005,"['bennet', 'caroline', 'drawing']"
483,Pokemon Mewtwo Returns,2000,"['bad', 'battle', 'mew']"
484,The Ice Storm,1997,"['ben', 'chores', 'coffee']"
485,The Secret Life of Walter Mitty,2013,"['guts', 'guy', 'helicopter']"
486,Affliction,1999,"['drunk', 'fired', 'fumbles']"
487,Surrogates,2009,"['bobby', 'considering', 'distraught']"
488,Misery,1990,"['bag', 'barn', 'buster']"
489,Jane Eyre,2011,"['38', 'afraid', 'briggs']"
490,Fantastic Four,2005,"['ben', 'cargo', 'denting']"
491,White Christmas,1954,"['bob', 'car', 'church']"
492,Philadelphia,2005,"['blind', 'bruno', 'closing']"
493,Dark Star,1974,"['ah', 'asteroids', 'bomb']"
494,Legion,2010,"['bob', 'careening', 'dark']"
495,Godfather Part II,1974,"['adjourned', 'batista', 'booked']"
496,Kids,1995,"['beer', 'briefcase', 'casper']"
497,TRON,2010,"['36', '536', 'crane']"
498,Barry Lyndon,1975,"['angry', 'born', 'clothes']"
499,Indiana Jones and the Last Crusade,1989,"['brody', 'confused', 'diary']"
500,Avatar,2009,"['97', 'banging', 'bends']"
501,Year One,2009,"['claps', 'explodes', 'love']"
502,Sex and the City,2008,"['23', 'beaming', 'boyfriend']"
503,Jade,1995,"['database', 'imsdb', 'internet']"
504,Saw,2004,"['angrily', 'bringing', 'dead']"
505,RocknRolla,2008,"['07', 'cigarette', 'councilor']"
506,The Time Machine,2010,"['angry', 'blinding', 'dashes']"
507,Invictus,2009,"['bmw', 'enters', 'freeway']"
508,The Big Lebowski,1998,"['cross', 'dude', 'fishtail']"
509,Harold and Kumar Go to White Castle,2004,"['eating', 'ground', 'guys']"
510,Up,2009,"['ball', 'carl', 'congratulations']"
511,Strange Days,1995,"['beach', 'bucks', 'club']"
512,The Horse Whisperer,1998,"['apartment', 'barn', 'bolting']"
513,Jeux Interdits,1952,"['camp', 'claque', 'dollé']"
514,Jurassic Park III,2001,"['400', 'break', 'com']"
515,Mimic,1997,"['bloodshot', 'clears', 'flicks']"
516,Midnight in Paris,2011,"['balloon', 'christ', 'death']"
517,The American President,1995,"['ago', 'attack', 'come']"
518,Wild Hogs,2007,"['bud', 'chair', 'charge']"
519,All About Steve,2009,"['75', 'atlanta', 'crap']"
520,The Sting,2019,"['breakdown', 'caps', 'club']"
521,The Program,1993,"['camille', 'catching', 'cheerleaders']"
522,Ticker,2001,"['55', 'cap', 'drops']"
523,Scott Pilgrim vs the World,2010,"['heart', 'knives', 'know']"
524,Mr Brooks,2007,"['brooks', 'cars', 'comes']"
525,Horrible Bosses,2011,"['131', 'credenza', 'fuck']"
526,American Sniper,2015,"['43', 'body', 'casket']"
527,Bones,2005,['bones']
528,Tin Men,1987,"['133', '93', 'cut']"
529,Bound,1996,"['caesar', 'drink', 'fuck']"
530,Jurassic Park The Lost World,1997,"['animal', 'crunch', 'dinosaur']"
531,Batman 2,21992,"['bar', 'dance', 'dinky']"
532,8MM,81999,"['car', 'contact', 'envelope']"
533,Moonstruck,1987,"['church', 'coal', 'don']"
534,Larry Crowne,2011,"['couch', 'donut', 'going']"
535,Mr Blandings Builds His Dream House,1948,"['coffee', 'follows', 'going']"
536,Basic Instinct,1992,"['detective', 'fade', 'fuck']"
537,Orgy of the Dead,1965,"['dead', 'orgy']"
538,Taxi Driver,1976,"['500', 'brandy', 'cut']"
539,Into the Wild,2007,"['chris', 'dynamited', 'hat']"
540,Manhunter,1986,"['100', 'atlanta', 'family']"
541,Christ Complex,2012,"['anna', 'dominate', 'gust']"
542,Halloween,2018,"['cold', 'cont', 'eject']"
543,Rust and Bone,2012,"['ali', 'baseball', 'coma']"
544,The Black Dahlia,2006,"['bedroom', 'bucky', 'choking']"
545,Blood Simple,1984,"['abby', 'cigarette', 'curbside']"
546,Thirteen Days,2000,"['adams', 'bobby', 'debate']"
547,Mrs. Brown,1997,"['anybody', 'brown', 'bruises']"
548,Entrapment,1999,"['carlsby', 'customs', 'dazzling']"
549,Fight Club,1999,"['bob', 'corpse', 'dumpster']"
550,Star Trek,2009,"['echo', 'enterprise', 'guilt']"
551,RKO 281,2811999,"['biography', 'breakfast', 'endlessly']"
552,The Artist,2012,"['39', 'actress', 'barks']"
553,V for Vendetta,2006,"['closes', 'dead', 'dominic']"
554,The Game,2011,"['bullshit', 'christine', 'company']"
555,Despicable Me 2,22013,"['antonio', 'coconut', 'coffee']"
556,Citizen Kane,1941,"['ankle', 'coffee', 'forced']"
557,Chaos,2005,"['15', '20', 'dekker']"
558,The Limey,1999,"['dude', 'elaine', 'feels']"
559,The Hospital,1971,"['apartment', 'barbara', 'blue']"
560,Inglourious Basterds,2009,"['aldo', 'bridget', 'days']"
561,In the Loop,2009,"['boxer', 'chad', 'constituency']"
562,Eastern Promises,2007,"['bury', 'father', 'gifts']"
563,You Can Count On Me,2000,"['brian', 'car', 'christmas']"
564,The Bounty Hunter,2010,"['52', 'beeps', 'cass']"
565,The Big White,2005,"['base', 'basement', 'buried']"
566,Real Genius,1985,"['5in', '734px', '8in']"
567,Ghost Rider,2007,"['101', 'alight', 'black']"
568,Star Trek The Motion Picture,1979,"['251', '376', 'attack']"
569,Diner,1982,"['boogie', 'canol', 'eal']"
570,Capote,2006,"['aisle', 'bed', 'closes']"
571,Lone Star,1996,"['amado', 'apartment', 'black']"
572,Water for Elephants,2011,"['20', 'alert', 'august']"
573,Buried,2010,"['advanced', 'alan', 'arabic']"
574,Simone,2002,"['aghast', 'applauds', 'ashen']"
575,Malcolm X,1992,"['black', 'dope', 'economic']"
576,Sweeney Todd The Demon Barber of Fleet Street,2007,"['accusation', 'alive', 'dearie']"
577,Case 39,392010,"['63', 'abused', 'away']"
578,Armageddon,1998,"['blood', 'fumbles', 'harry']"
579,Wall E,1968,"['antennae', 'bnl', 'captain']"
580,Heist,2015,"['blane', 'breaking', 'convertible']"
581,Oblivion,2013,"['accessing', 'balance', 'clicks']"
582,Blue Valentine,2010,"['50', 'blue', 'cindy']"
583,Charade,1963,"['adam', 'busy', 'caught']"
584,The Lincoln Lawyer,2011,"['answer', 'bans', 'bullshit']"
585,Twilight New Moon,2009,"['117', 'bolts', 'diving']"
586,Total Recall,1990,"['cautiously', 'death', 'detonate']"
587,Two For The Money,2005,"['brandon', 'brownstone', 'gears']"
588,The Ladykillers,2004,"['arm', 'dorr', 'excuse']"
589,Midnight Express,1978,"['billy', 'campground', 'cats']"
590,The Cooler,2003,"['cut', 'doris', 'hand']"
591,Frankenstein,1994,"['commit', 'disregard', 'elizabeth']"
592,Watchmen,2009,"['angry', 'door', 'excuse']"
593,Save the Last Dance,2001,"['138', 'broke', 'end']"
594,G.I. Jane,1997,"['bamboo', 'bdlg', 'blood']"
595,Rise of the Guardians,2012,"['attack', 'bunny', 'bunnymund']"
596,Land of the Dead,2005,"['114', 'attacking', 'bad']"
597,The Lord of the Rings Fellowship of the Ring,2001,"['angle', 'chance', 'frodo']"
598,Meet John Doe,1941,"['689', 'ann', 'close']"
599,The Godfather Part III,1990,"['boat', 'cabin', 'darkness']"
600,Henry Fool,1998,"['approaches', 'away', 'bar']"
601,John Wick,2014,"['46', 'broken', 'buttoning']"
602,Peggy Sue Got Married,1986,"['county', 'couples', 'cufflinks']"
603,Metro,1997,"['alleyway', 'away', 'cars']"
604,Rush,2013,"['108aint', 'ext', 'horror']"
605,Get Carter,1971,"['brumby', 'carpark', 'dismantles']"
606,Bad Lieutenant,1992,"['afternoon', 'agitated', 'charge']"
607,Hannibal,2013,"['ambulance', 'bag', 'brothers']"
608,Ginger Snaps,2001,"['ass', 'brigitte', 'flies']"
609,Arctic Blue,1993,"['132', '82', 'ankle']"
610,Kramer vs Kramer,2016,"['allergic', 'billy', 'felt']"
611,Predator,1987,"['53', 'bear', 'bow']"
612,The Mechanic,2011,"['bishop', 'book', 'card']"
613,Big Eyes,2014,"['cookies', 'finished', 'guests']"
614,The Cider House Rules,1999,"['bomber', 'catch', 'clipboard']"
615,The Social Network,2010,"['apartment', 'cookies', 'eduardo']"
616,Punch Drunk Love,2011,"['anderson', 'com', 'entact']"
617,Men in Black 3,32012,"['automat', 'bullet', 'colonel']"
618,Chasing Sleep,2001,"['body', 'come', 'door']"
619,Mulholland Drive,2001,"['bake', 'black', 'chili']"
620,Zero Dark Thirty,2013,"['128', 'believe', 'daniel']"
621,Garden State,2004,"['benny', 'bought', 'boyfriend']"
622,Cinema Paradiso,1988,"['complicity', 'laughs', 'lined']"
623,Boondock Saints 2 All Saints Day,22009,"['62yrs', 'anger', 'blaze']"
624,Man in the Iron Mask,2010,"['awkwardly', 'bored', 'charge']"
625,The Day the Clown Cried,1972,"['boxcar', 'car', 'cling']"
626,Creation,2010,"['annie', 'charles', 'darwin']"
627,The Boxtrolls,2014,"['alley', 'chains', 'cheese']"
628,Mumford,1999,"['glances', 'linen', 'mumford']"
629,Double Indemnity,1944,"['camera', 'corpse', 'crack']"
630,Highlander,1986,"['_died_', 'brought', 'clanking']"
631,A Quiet Place,2018,"['bloodstained', 'coming', 'cups']"
632,Coriolanus,2012,"['coriolanus', 'hate', 'makes']"
633,Evil Dead,1981,"['ashly', 'axe', 'choking']"
634,The Way Back,2011,"['church', 'dialogue', 'dripping']"
635,The Rescuers Down Under,1990,"['bed', 'bianca', 'billy']"
636,The Blind Side,2009,"['130', '188', 'anne']"
637,Tamara Drewe,2010,"['ben', 'breaking', 'digging']"
638,Take Shelter,2011,"['concerned', 'curtis', 'driveway']"
639,500 Days of Summer,5002009,"['ahead', 'beat', 'bored']"
640,Hanna,2011,"['109', '39', 'crashing']"
641,From Here to Eternity,1953,"['deserted', 'ext', 'karen']"
642,The Long Kiss Goodnight,1996,"['christmas', 'foot', 'grimaces']"
643,The Hangover,2009,"['angrily', 'boss', 'car']"
644,Repo Man,1984,"['aliens', 'beer', 'doritos']"
645,Source Code,2011,"['40', 'busted', 'cease']"
646,Obsessed,2009,"['batting', 'drunk', 'fast']"
647,Bad Dreams,1988,"['80i', 'amber', 'cynthia']"
648,Rebel Without A Cause,1955,"['alley', 'couch', 'friends']"
649,Training Day,2001,"['alonzo', 'damnnnn', 'dick']"
650,Drive Angry,2011,"['ankle', 'bat', 'blood']"
651,Max Payne,2008,"['aisle', 'black', 'boot']"
652,The Kingdom,2007,"['al', 'beat', 'blown']"
653,Interstellar,2014,"['case', 'cooper', 'cornstalks']"
654,Red Riding Hood,2011,"['body', 'chasing', 'clamped']"
655,Rachel Getting Married,2008,"['30', '45', 'ali']"
656,Major League,1989,"['baseman', 'beaten', 'catcher']"
657,Black Panther,2018,"['cockpit', 'gets', 'greasy']"
658,The Rock,1996,"['16', 'attorney', 'bay']"
659,Almost Famous,2000,"['400', 'abstraction', 'cameron']"
660,The Mask,1994,"['buddy', 'celebrate', 'freeze']"
661,Raising Arizona,1987,"['baby', 'bedroom', 'boom']"
662,Blood and Wine,1997,"['74', '82', 'day']"
663,A Prayer Before Dawn,2018,"['4x4', 'billy', 'boxing']"
664,Arcade,1993,"['arcade', 'choice', 'computer']"
665,A Walk to Remember,2002,"['blasting', 'car', 'dinner']"
666,The Hudsucker Proxy,1994,"['amy', 'brilliantly', 'cylindrical']"
667,The Grapes of Wrath,1940,"['aroun', 'background', 'bellies']"
668,44 Inch Chest,442010,"['21st', 'archie', 'cock']"
669,Love and Basketball,2000,"['boxers', 'coach', 'envelope']"
670,U Turn,1997,"['buying', 'couple', 'dollar']"
671,From Dusk Till Dawn,1996,"['13', 'bad', 'class']"
672,Jaws 2,21978,"['beach', 'bringing', 'broke']"
673,Grand Theft Parsons,2004,"['backs', 'check', 'cigarette']"
674,Dragonslayer,1981,"['chuckle', 'come', 'doesn']"
675,Alien Nation,1988,"['agony', 'alien', 'chasing']"
676,Alien,1979,"['blood', 'dripping', 'heiroglyphics']"
677,Megamind,2010,"['amazing', 'bag', 'cusack']"
678,Black Swan,2010,"['apartment', 'ballet', 'black']"
679,The Piano,1993,"['chair', 'father', 'mother']"
680,The Cincinnati Kid,1965,"['bucks', 'kid', 'lancey']"
681,Indiana Jones IV,1984,"['bell', 'drops', 'hooks']"
682,Nurse Betty,2000,"['betty', 'flamberg', 'href']"
683,Detroit Rock City,1999,"['boys', 'bruised', 'concert']"
684,The Green Mile,1999,"['billy', 'bitterbuck', 'brutal']"
685,Bad Santa,2003,"['bullies', 'bumping', 'comes']"
686,Ghost Ship,2009,"['booming', 'cabins', 'civilian']"
687,Bad Day at Black Rock,1955,"['blood', 'dollars', 'jail']"
688,Point Break,1991,"['crashing', 'fat', 'man']"
689,La La Land,2016,"['audition', 'cover', 'hollywood']"
690,Final Destination 2,22003,"['family', 'leaves', 'nipple']"
691,American Graffiti,1973,"['coke', 'connie', 'crawl']"
692,Freddy vs. Jason,2003,"['arm', 'cellblock', 'closet']"
693,Frozen River,2008,"['bernie', 'christmas', 'day']"
694,The Day the Earth Stood Still,2008,"['close', 'determinedly', 'disappearance']"
695,Kill Your Darlings,2013,"['118th', 'comes', 'looks']"
696,Thor Ragnarok,2017,"['16', 'asgard', 'bounces']"
697,Pet Sematary,2019,"['card', 'daddy', 'ellie']"
698,Lost in Translation,2003,"['charlotte', 'city', 'drunk']"
699,Storytelling,2001,"['barking', 'best', 'brady']"
700,The Prestige,2006,"['angier', 'barns', 'bearded']"
701,Heavy Metal,1981,"['blum', 'dan', 'heavy']"
702,Toy Story,1995,"['400', 'abstraction', 'break']"
703,Pineapple Express,2008,"['cont', 'cuts', 'dale']"
704,Backdraft,1991,"['desk', 'fireman', 'follows']"
705,Silver Bullet,2012,"['bob', 'bullet', 'claw']"
706,The Sessions,2012,"['17a', 'chapel', 'clerk']"
707,The Butterfly Effect,2004,"['andrea', 'depressed', 'evan']"
708,Broadcast News,1987,"['broadcast', 'com', 'href']"
709,Deep Rising,1998,"['blink', 'captain', 'finnegan']"
710,Bean,1997,"['brutus', 'counter', 'englishmen']"
711,Chronicle,2012,"['andrew', 'drinking', 'drive']"
712,Wild Things Diamonds in the Rough,2005,"['box', 'buzzcut', 'clifford']"
713,Scream 3,32000,"['break', 'flashing', 'good']"
714,Twilight,2008,"['bella', 'bird', 'counter']"
715,Ed TV,1999,"['147', 'bat', 'block']"
716,Priest,2011,"['aaron', 'big', 'collapses']"
717,Drop Dead Gorgeous,1999,"['annette', 'bet', 'dancing']"
718,Speed Racer,2008,"['button', 'drawing', 'earthquake']"
719,Serenity,2005,"['98', 'agent', 'city']"
720,Platinum Blonde,1931,"['cigar', 'haven', 'say']"
721,Monkeybone,2001,"['banks', 'coma', 'dolls']"
722,Mean Streets,1973,"['bathroom', 'box', 'charlie']"
723,The Abyss,1989,"['bud', 'catfish', 'day']"
724,Cherry Falls,2000,"['annette', 'button', 'chocolate']"
725,Mighty Joe Young,1998,"['118', '70', 'california']"
726,The Hurt Locker,2009,"['ammo', 'astronaut', 'debris']"
727,The Devil Wears Prada,2006,"['blue', 'butler', 'emily']"
728,Hellboy 2 The Golden Army,22008,"['165', 'abe', 'album']"
729,Lake Placid,1999,"['accident', 'crocodile', 'crocodiles']"
730,Bridesmaids,2011,"['advice', 'allergic', 'annie']"
731,Do The Right Thing,1989,"['61', 'coconut', 'forgot']"
732,Go,1999,"['99', 'bathroom', 'car']"
733,The White Ribbon,2009,"['bored', 'eaten', 'eva']"
734,Shallow Grave,1995,"['15th', 'accountant', 'alex']"
735,The Ides of March,2011,"['did', 'duffy', 'governor']"
736,Brick,2006,"['afternoon', 'brendan', 'engineer']"
737,Space Milkshake,2013,"['anton', 'cutting', 'facts']"
738,Basquiat,1996,"['alarmed', 'balcony', 'chocolate']"
739,The Tourist,2010,"['ackerman', 'arrest', 'candlelit']"
740,Ed Wood,1994,"['day', 'ed', 'famous']"
741,Being Human,2008,"['hector', 'likes', 'master']"
742,Hellbound Hellraiser II,1988,"['26', 'ambiguous', 'cenobites']"
743,Four Rooms,1995,"['bellboys', 'blares', 'clinks']"
744,The Lion King,2019,"['brought', 'imsdb', 'internet']"
745,The Brothers Bloom,2008,"['20', '79', 'blood']"
746,High Fidelity,2020,"['cd', 'faster', 'gaye']"
747,Lord of War,2005,"['deals', 'girlfriend', 'leone']"
748,Margot at the Wedding,2007,"['approach', 'book', 'butterflied']"
749,Hard to Kill,1990,"['ceiling', 'condom', 'converted']"
750,Newsies,1992,"['81', 'charge', 'column']"
751,Pretty Woman (final script),1990,"['attorney', 'barney', 'board']"
752,Monte Carlo,2011,"['airplane', 'class', 'closing']"
753,Foxcatcher,2015,"['boxer', 'brandon', 'dave']"
754,The LEGO Movie,2014,"['bf', 'did', 'dinner']"
755,Moonrise Kingdom,2012,"['bleakly', 'bolts', 'book']"
756,Out of Sight,1998,"['adele', 'agent', 'blank']"
757,Donnie Brasco,1997,"['boobie', 'fbi', 'gonna']"
758,1492 Conquest of Paradise,14921992,"['amused', 'beach', 'columbus']"
759,Superfights,1995,"['database', 'internet', 'movie']"
760,Crank,2006,"['50a', 'anselmo', 'brandishing']"
761,Willow,1988,"['accordian', 'approach', 'armory']"
762,Game 6,62005,"['48th', '52', 'cab']"
763,Dances with Wolves,1990,"['buzzing', 'digging', 'flies']"
764,Godfather,1972,"['bout', 'counting', 'family']"
765,War Horse,2011,"['auctioneer', 'battle', 'david']"
766,Eight Legged Freaks,2002,"['buried', 'cadillac', 'cat']"
767,Black Rain,1989,"['alleys', 'bank', 'common']"
768,The Shipping News,2002,"['balanced', 'lobster', 'newsroom']"
769,Omega Man,2019,"['istrellix', 'man', 'omega']"
770,The Fighter,2010,"['09', '28', 'dicky']"
771,Beginners,2011,"['arthur', 'couch', 'created']"
772,Ni vu ni connu,1958,"['blaireau', 'bluette', 'bohème']"
773,Gandhi,1982,"['ashram', 'attention', 'ba']"
774,Life of Pi,2012,"['69', '85', 'abandoned']"
775,Runaway Bride,1999,"['bar', 'church', 'crowd']"
776,Dear White People,2015,"['dean', 'housewives', 'jelly']"
777,Finding Nemo,2003,"['crush', 'don', 'dory']"
778,The Last Station,2009,"['38', '41', '46']"
779,I am Sam,2002,"['beaming', 'busdriver', 'edition']"
780,No Country for Old Men,2007,"['91', 'beat', 'bell']"
781,The Martian,2015,"['capcom', 'does', 'potatoes']"
782,E.T.,1982,"['attack', 'driveway', 'elliott']"
783,Youth in Revolt,2010,"['basement', 'binoculars', 'cop']"
784,Cliffhanger,1993,"['alive', 'bolted', 'entire']"
785,Pretty Woman,1990,"['corporate', 'ferrari', 'hollywood']"
786,Mission Impossible II,2000,"['airspeed', 'close', 'gleaming']"
787,Leaving Las Vegas,1995,"['figgis', 'las', 'leaving']"
788,Aliens,1986,"['blood', 'burke', 'design']"
789,Beloved,1998,"['denver', 'dressed', 'eggs']"
790,Single White Female,1992,"['apartment', 'besch', 'blames']"
791,Les Tontons Flingueurs,1963,"['brûlée', 'coup', 'dans']"
792,Gothika,2003,"['corridor', 'cries', 'drip']"
793,The Road,2009,"['crying', 'family', 'fizzing']"
794,True Grit,2010,"['falling', 'missed', 'pulling']"
795,Inventing the Abbotts,1997,"['121', 'boathouse', 'bus']"
796,The Roommate,2011,"['cellphone', 'change', 'dinner']"
797,Peeping Tom,1960,"['carrying', 'detective', 'filled']"
798,Disturbia,2007,"['50', 'ashley', 'butcher']"
799,Hall Pass,2011,"['20', 'bouncer', 'club']"
800,Breakdown,1997,"['cab', 'cadillac', 'insane']"
801,When a Stranger Calls,1979,"['home', 'maintenance', 'new']"
802,After.Life,2010,"['begin', 'blue', 'eliot']"
803,Apt Pupil,1998,"['american', 'bus', 'cont']"
804,Sideways,2005,"['barrels', 'espn', 'gets']"
805,The Siege,1998,"['bus', 'closed', 'devereaux']"
806,Man on the Moon,1999,"['andy', 'backstage', 'cheerful']"
807,Sexual Life,2005,"['absolved', 'accidentally', 'bathroom']"
808,Soldier,1998,"['607', 'like', 'rat']"
809,Face Off,1997,"['archer', 'citizen', 'compass']"
810,Friday the 13th Part VIII Jason Takes Manhattan,131989,"['broadcast', 'court', 'dark']"
811,Authors Anonymous,2014,"['caption', 'colette', 'dining']"
812,Yes Man,2008,"['bank', 'bitches', 'brunch']"
813,The Matrix Reloaded,2003,"['booth', 'cruisers', 'flat']"
814,Days of Heaven,1978,"['76', 'days', 'heaven']"
815,I Am Number Four,2011,"['103', 'fly', 'henri']"
816,True Romance,1993,"['500px', 'body', 'courier']"
817,Gran Torino,2009,"['cake', 'korea', 'liquor']"
818,At First Sight,1999,"['20px', '734px', '75in']"
819,The Insider,2016,"['beat', 'cigarette', 'corporate']"
820,Snow Falling On Cedars,1999,"['coat', 'egos', 'graceful']"
821,Cedar Rapids,2011,"['bum', 'donuts', 'em']"
822,Code of Silence,1985,"['cause', 'cocaine', 'digital']"
823,Petulia,1968,"['archie', 'broadcast', 'happy']"
824,Spanglish,2004,"['blanc', 'dictionary', 'dollars']"
825,The Life of David Gale,2003,"['away', 'cowboy', 'day']"
826,Thunderbirds,2004,"['bad', 'come', 'counts']"
827,Taking Lives,2004,"['asher', 'car', 'cars']"
828,Warrior,2011,"['blue', 'brendan', 'day']"
829,Wanted,2008,"['assassins', 'blood', 'business']"
830,Wonder Boys,2000,"['97', 'bears', 'brown']"
831,Breaking Away,1979,"['bambino', 'blase', 'car']"
832,Alone in the Dark,2005,"['body', 'burke', 'fades']"
833,Hot Tub Time Machine,2010,"['adam', 'bachelor', 'cocaine']"
834,Above the Law,1988,"['bloodied', 'bombing', 'bringing']"
835,Punch Drunk Love,2016,"['com', 'drunk', 'href']"
836,The Fault in Our Stars,2014,"['cold', 'dials', 'died']"
837,Last Chance Harvey,2009,"['daughter', 'food', 'getting']"
838,Next,2007,"['cris', 'elevator', 'ferris']"
839,Straight Outta Compton,2015,"['booth', 'cuba', 'dope']"
840,Passengers,2016,"['aurora', 'bar', 'cont']"
841,The Verdict,1982,"['buy', 'cigarettes', 'franky']"
842,Cast Away,2000,"['big', 'bleeding', 'clouds']"
843,Rise of the Planet of the Apes,2011,"['anarchy', 'apes', 'caesar']"
844,Mission to Mars,2000,"['car', 'cavernous', 'cheek']"
845,Bottle Rocket,1996,"['anderson', 'href', 'wes']"
846,The Usual Suspects,1995,"['suspects', 'usual']"
847,The Descendants,2011,"['citizens', 'come', 'eye']"
848,Funny People,2009,"['al', 'bedroom', 'cont']"
849,Star Wars A New Hope,1977,"['cockpit', 'fighter', 'flanking']"
850,Zootopia,2016,"['bellwether', 'bonnie', 'box']"
851,The Best Exotic Marigold Hotel,2012,"['43', 'cricket', 'evelyn']"
852,Cold Mountain,2003,"['bucket', 'chickens', 'digging']"
853,Cellular,2004,"['911', 'asphalt', 'beach']"
854,Starman,1984,"['car', 'hoods', 'jenny']"
855,Unbreakable,2000,"['answering', 'bathroom', 'gotta']"
856,Mystery Men,1999,"['june', 'men', 'mystery']"
857,Dog Day Afternoon,1975,"['angle', 'boy', 'detaches']"
858,A Scanner Darkly,2006,"['arctor', 'bob', 'businessman']"
859,Star Wars The Empire Strikes Back,1980,"['afraid', 'captain', 'cave']"
860,The Miracle Worker,1962,"['annie', 'aunt', 'brew']"
861,Coraline,2009,"['accident', 'air', 'candy']"
862,Crazylove,2005,"['alarm', 'crawls', 'ext']"
863,The Beach,2019,['beach']
864,Next Friday,2000,"['aid', 'comes', 'gets']"
865,The Island,2005,"['3d', '59', 'blinks']"
866,Observe and Report,2009,"['detective', 'finest', 'golf']"
867,Memento,2000,"['distortion', 'int', 'probably']"
868,Kundun,1997,"['blue', 'bodyguard', 'boy']"
869,Judge Dredd,1995,"['216a', '302', 'body']"
870,Black Snake Moan,2007,"['cries', 'cure', 'cut']"
871,Austin Powers  The Spy Who Shagged Me,1999,"['auburn', 'austin', 'beetle']"
872,Gravity,2013,"['buttons', 'cabin', 'cont']"
873,Paul,2011,"['clive', 'coffee', 'dracula']"
874,Chinatown,1974,"['car', 'couple', 'evelyn']"
875,Escape From L.A.,1996,"['california', 'complex', 'criminally']"
876,The Neverending Story,1984,"['neverending', 'page', 'script']"
877,Anastasia,1997,"['anya', 'big', 'confused']"
878,Man On Fire,2004,"['abdomen', 'asleep', 'brother']"
879,Se7en,71995,"['awakens', 'california', 'chair']"
880,Notting Hill,1999,"['afford', 'britain', 'flying']"
881,So I Married an Axe Murderer,1993,"['charlie', 'drainpipe', 'family']"
882,It,2017,"['alley', 'attacked', 'basement']"
883,Hellraiser Hellseeker,2002,"['angelic', 'bus', 'dying']"
884,Heavenly Creatures,1994,"['arm', 'bedroom', 'crying']"
885,The Last Flight,1931,"['bathroom', 'bon', 'forgery']"
886,Alien 3,31992,"['alien', 'brother', 'does']"
887,The Replacements,2000,"['changes', 'cornerback', 'crack']"
888,Ex Machina,2015,"['afterthought', 'book', 'commotion']"
889,Bringing Out the Dead,1999,"['arm', 'burke', 'cab']"
890,The Italian Job,2003,"['abandoning', 'armed', 'calls']"
891,A Officer and a Gentlemann,1982,"['brought', 'database', 'gentleman']"
892,Barton Fink,1991,"['asleep', 'charlie', 'including']"
893,Ali,2001,"['ali', 'bradley', 'dancers']"
894,American Pie,1999,"['dad', 'date', 'finch']"
895,Jimmy and Judy,2006,"['camera', 'jimmy', 'judy']"
896,Clueless,1995,['clueless']
897,When Harry Met Sally,1989,"['brought', 'database', 'harry']"
898,Angel Eyes,2001,"['brakes', 'cars', 'couch']"
899,Sense and Sensibility,1995,"['flowers', 'gone', 'goodbye']"
900,A Most Violent Year,2015,"['119', 'burglar', 'buying']"
901,The Kids Are All Right,2010,"['blankets', 'chicken', 'clay']"
902,Transformers The Movie,1986,"['antibody', 'autobots', 'decepticon']"
903,Sweet Smell of Success,1957,"['column', 'contritely', 'finds']"
904,Ghost,1990,"['carl', 'computer', 'group']"
905,Mad Max 2 The Road Warrior,21981,"['approaching', 'bed', 'camp']"
906,Klute,1971,"['apartment', 'bargain', 'checks']"
907,Blade Trinity,2004,"['blade', 'born', 'foam']"
908,Analyze This,1999,"['31', 'ben', 'continued']"
909,Precious,2009,"['construction', 'daughter', 'day']"
910,Natural Born Killers,1994,"['35mm', 'blood', 'brother']"
911,Grand Hotel,1932,"['crosses', 'cut', 'dance']"
912,Gremlins,1984,"['barney', 'billy', 'candles']"
913,War for the Planet of the Apes,2017,"['angry', 'bowed', 'breath']"
914,I Love You Phillip Morris,2010,"['08', '138', '23']"
915,John Q,2002,"['href', 'john', 'location']"
916,Airplane,1980,"['continues', 'crashes', 'dissolve']"
917,The Bourne Ultimatum,2007,"['98', 'agents', 'black']"
918,Jerry Maguire,1996,"['carpet', 'cat', 'cigarette']"
919,Hellraiser 3 Hell on Earth,31992,"['argue', 'conversation', 'cynical']"
920,The Revenant,2016,"['boys', 'burns', 'christ']"
921,Serial Mom,1994,"['birdfeeder', 'booth', 'breasts']"
922,Antz,1998,"['babies', 'carpenter', 'crippling']"
923,Flash Gordon,1980,"['amazon', 'ashes', 'captain']"
924,The Queen,2006,"['boys', 'clinton', 'corgis']"
925,Election,1999,"['changes', 'class', 'closes']"
926,The Dark Knight Rises,2012,"['alfred', 'bane', 'cat']"
927,Wonder Woman,2017,"['battling', 'diana', 'firing']"
928,Forrest Gump,1994,"['begins', 'brutalize', 'bus']"
929,The French Connection,1971,"['apron', 'bread', 'cigarette']"
930,Event Horizon,1997,"['admiral', 'airlock', 'bathtub']"
931,Nine,2009,"['break', 'cardinal', 'dante']"
932,The Hunt for Red October,1990,"['converter', 'fbnowed', 'greer']"
933,Star Trek Generations,1994,"['21', '7a', 'consoles']"
934,Changeling,2008,"['afraid', 'beat', 'captain']"
935,Killing Zoe,1993,"['clouding', 'eric', 'fires']"
936,Vertigo,1958,"['database', 'imsdb', 'internet']"
937,eXistenZ,1999,"['antenna', 'applaud', 'begins']"
938,Pleasantville,1998,"['away', 'breugal', 'co6kies']"
939,Fatal Instinct,1993,"['apples', 'hello', 'knock']"
940,Midnight Cowboy,1969,"['blindfold', 'buck', 'comb']"
941,Scarface,1983,"['bangled', 'cuba', 'examjning']"
942,The Matrix,1999,"['agent', 'begin', 'break']"
943,Gattaca,1997,"['course', 'dawn', 'detective']"
944,2001 A Space Odyssey,20011968,"['b28', 'big', 'c133']"
945,Rear Window,1954,"['apartment', 'bed', 'coming']"
946,Fright Night (1985),19851985,"['attic', 'beautiful', 'crashing']"
947,Master and Commander,2003,"['barrels', 'god', 'jump']"
948,Bad Country,2014,"['baton', 'bloodshot', 'catfish']"
949,Cobb,1994,"['ain', 'bat', 'cigar']"
950,Deception,2008,"['apologized', 'cityscape', 'continued']"
951,The Curious Case of Benjamin Button,2008,"['246', '25th', 'benjamin']"
952,The Master,2012,"['agencies', 'alley', 'body']"
953,Martha Marcy May Marlene,2011,"['day', 'just', 'kitchen']"
954,Moneyball,2011,"['ball', 'billy', 'fastball']"
955,Body of Evidence,2011,"['bedroom', 'closing', 'finishes']"
956,Dawn of the Dead,2004,"['boards', 'cover', 'creature']"
957,The Ghost and the Darkness,1996,"['bit', 'camp', 'cut']"
958,Liar Liar,1997,"['attack', 'fletcher', 'jerry']"
959,Highlander Endgame,2000,"['99', 'draft', 'end']"
960,Blade Runner,1982,"['bed', 'head', 'man']"
961,Crash,2004,"['camera', 'car', 'cars']"
962,The Anniversary Party,2001,"['brushes', 'gets', 'house']"
963,Chasing Amy,1997,"['alyssa', 'falling', 'flabbergasted']"
964,Never Been Kissed,1999,"['href', 'kissed', 'location']"
965,American Splendor,2003,"['cop', 'couch', 'die']"
966,The Man Who Knew Too Much,1956,"['chapel', 'couple', 'detective']"
967,Warm Springs,2005,"['109', 'aunt', 'cane']"
968,BlacKkKlansman,2018,"['landers', 'martin', 'mob']"
969,The Hills Have Eyes,2006,"['blinds', 'car', 'chair']"
970,The Iron Lady,2012,"['britain', 'brushing', 'change']"
971,Get Low,2010,"['bush', 'chicago', 'funeral']"
972,Manhattan Murder Mystery,1993,"['breakfast', 'carol', 'closet']"
973,Revolutionary Road,2008,"['april', 'curtsies', 'finger']"
974,Bull Durham,1988,"['annie', 'ballpark', 'baseball']"
975,Semi Pro,2008,"['agent', 'bobby', 'champion']"
976,Music of the Heart,1999,"['baby', 'buying', 'closes']"
977,Bonfire of the Vanities,1990,"['228f', '250', '82']"
978,Apocalypse Now,1979,"['alive', 'chieftan', 'colonel']"
979,The Last Boy Scout,1991,"['cheats', 'chortling', 'feel']"
980,The X Files Fight the Future,1998,"['camera', 'dallas', 'glasses']"
981,Lost in Space,2018,"['bright', 'father', 'hits']"
982,The Adventures of Buckaroo Banzai Across the Eighth Dimension,1984,"['99', 'abort', 'banzai']"
983,Men in Black,1997,"['alien', 'arms', 'cat']"
984,Date Night,2010,"['answer', 'apartment', 'best']"
985,What Lies Beneath,2000,"['accident', 'claire', 'cocktail']"
986,The Girl with the Dragon Tattoo,2011,"['94', 'black', 'blomkvist']"
987,Milk,2008,"['28', '47', 'castro']"
988,Conan the Barbarian,2011,"['army', 'battle', 'beast']"
989,We Own the Night,2007,"['bobby', 'ebullient', 'fall']"
990,Smashed,2012,"['band', 'charlie', 'drunk']"
991,The Perks of Being a Wallflower,2012,"['107', '175', 'beatles']"
992,The Power of One,1992,"['arsenal', 'black', 'boys']"
993,Juno,2007,"['afternoon', 'applying', 'barf']"
994,Django Unchained,2012,"['broomhilda', 'crowd', 'derringer']"
995,Dallas Buyers Club,2013,"['bed', 'busted', 'course']"
996,Jackie Brown,1997,"['business', 'champion', 'couch']"
997,Frankenweenie,2012,"['burgemeister', 'girl', 'going']"
998,Croupier,2000,"['42', 'alarm', 'chloe']"
999,The Woodsman,2004,"['ax', 'birthday', 'bus']"
1000,Resident Evil,2002,"['evil', 'george', 'href']"
1001,The Bachelor Party,1957,"['axelrod', 'charlie', 'coming']"
1002,Perfect Creature,2007,"['ago', 'avoiding', 'away']"
1003,Tall in the Saddle,1944,"['beat', 'beef', 'dave']"
1004,Orphan,2009,"['croaring_noise', 'crying', 'esther']"
1005,Beavis and Butt head Do America,1996,"['beavis', 'butt', 'cables']"
1006,Absolute Power,1997,"['279', 'anytime', 'applaud']"
1007,Snatch,2001,"['bleeding', 'caesars', 'course']"
1008,Walking Tall,2004,"['ago', 'army', 'backpack']"
1009,Guardians of the Galaxy Vol 2,22017,"['bomb', 'chambermaid', 'collapse']"
1010,True Lies,1994,"['afford', 'basement', 'going']"
1011,Solaris,1972,"['door', 'hold', 'leave']"
1012,Insomnia,2002,"['disgust', 'pain', 'retrievers']"
1013,Hudson Hawk,1991,"['alex', 'auction', 'block']"
1014,The Majestic (The Bijou),2001,"['caesar', 'cat', 'dad']"
1015,The Croods,2013,"['43', 'belt', 'cavemen']"
1016,Fruitvale Station,2013,"['82', 'fireworks', 'lots']"
1017,The Thing,2016,"['blair', 'dead', 'dogs']"
1018,Basic,2003,"['ass', 'colonel', 'convict']"
1019,Superbad,2007,"['69', 'completely', 'dick']"
1020,Blade,1998,"['burned', 'club', 'frightened']"
1021,Independence Day,1996,"['id4', 'location', 'script']"
1022,Shivers,1976,"['janine', 'll', 'mouth']"
1023,12 and Holding,122006,"['firefighter', 'forgetting', 'fuck']"
1024,Spider Man,1978,"['100', 'away', 'cop']"
1025,The Reader,2009,"['black', 'breakfast', 'buckets']"
1026,The Men Who Stare at Goats,2009,"['baseball', 'beat', 'believed']"
1027,Dark City,1998,"['black', 'bumstead', 'carefully']"
1028,Get on Up,2014,"['1967', '46', '86']"
1029,Sleepless in Seattle,1993,"['annie', 'car', 'chocolates']"
1030,Three Men and a Baby,1987,"['ass', 'boxes', 'boys']"
1031,Thunderheart,1992,"['bone', 'boot', 'crickets']"
1032,The Taking of Pelham One Two Three,1974,"['142', 'aren', 'closing']"
1033,Only God Forgives,2013,"['chang', 'chanting', 'dreamed']"
1034,Constantine,2005,"['100', 'apartment', 'balthazar']"
1035,Being There,1979,"['aren', 'football', 'hallway']"
1036,Equilibrium,2002,"['brought', 'database', 'imsdb']"
1037,The Good Girl,2002,"['aquarter', 'bibles', 'bubba']"
1038,Awakenings,1990,"['cease', 'costello', 'deserted']"
1039,Battle Los Angeles,2011,"['aftershocks', 'airport', 'alien']"
1040,The Pacifier,2005,"['bad', 'begins', 'fends']"
1041,Sherlock Holmes,2009,"['alleyway', 'bath', 'blow']"
1042,Day of the Dead,1985,"['dark', 'dotted', 'hand']"
1043,Gremlins 2,21990,"['108', 'clamp', 'dentist']"
1044,Sneakers,1992,"['database', 'imsdb', 'internet']"
1045,The Big Sick,2017,"['50', 'acne', 'beth']"
1046,Lord of the Rings The Two Towers,1990,"['ambushed', 'aragorn', 'away']"
1047,Buffy the Vampire Slayer,1997,"['buffy', 'slayer', 'vampire']"
1048,The Producer,1967,"['actors', 'bialystock', 'bloom']"
1049,Red Planet,2000,"['0in', '2in', '75in']"
1050,The Ruins,2008,"['bastards', 'bodies', 'bonfire']"
1051,The Wizard of Oz,1939,"['ain', 'bravery', 'dorothy']"
1052,The Deer Hunter,1978,"['buck', 'bursts', 'chewing']"
1053,Hitchcock,2012,"['bottle', 'chutzpah', 'goes']"
1054,The Avengers (2012),20122012,"['banner', 'causing', 'does']"
1055,The Next Three Days,2010,"['closet', 'coat', 'conference']"
1056,Hesher,2011,"['couch', 'dad', 'door']"
1057,The Informant,2009,"['112', 'accelerates', 'angelo']"
1058,The Hebrew Hammer,2003,"['bagels', 'cont', 'extras']"
1059,My Girl,1991,"['family', 'goodnight', 'hi']"
1060,American Milkshake,2013,"['cards', 'exits', 'haroon']"
1061,Beasts of No Nation,2015,"['30', '51', 'celebrate']"
1062,The Elephant Man,1980,"['bath', 'bytes', 'climbing']"
1063,A Nightmare on Elm Street,1984,"['10', 'daughter', 'dreaming']"
1064,Ted,2012,"['91', 'aliens', 'armchair']"
1065,Intolerable Cruelty,2003,"['approximately', 'dinner', 'divorce']"
1066,The Sixth Sense,1999,"['night', 'shyamalan', 'sixth']"
1067,Friday the 13th,131980,"['alice', 'brenda', 'bruce']"
1068,Duck Soup,1933,"['chasing', 'deposits', 'groucho']"
1069,Slither,2006,"['bed', 'darts', 'getting']"
1070,Jason X,2001,"['breaking', 'briggs', 'dripping']"
1071,Pulp Fiction,1994,"['basement', 'bubble', 'butch']"
1072,How to Train Your Dragon,2010,"['02', '13', 'balls']"
1073,42,422013,"['barber', 'desk', 'dodger']"
1074,White Squall,1996,"['bell', 'brings', 'dining']"
1075,Argo,2012,"['106', '165', '283']"
1076,Dune,2020,"['ext', 'gaping', 'huge']"
1077,Terminator,1984,"['165', 'bedroom', 'come']"
1078,Witness,1985,"['aiming', 'book', 'buggy']"
1079,Catch Me If You Can,2002,"['110', '45', 'birthday']"
1080,Brazil,1985,"['brazil', 'screenplay']"
1081,All About Eve,1950,"['almanac', 'anybody', 'babe']"
1082,The Last of the Mohicans,1992,"['buy', 'detonate', 'falls']"
1083,Legally Blonde,2001,"['donovan', 'drinks', 'hell']"
1084,The Birds,1963,"['bear', 'bird', 'body']"
1085,The Nines,2007,"['bed', 'chalk', 'couch']"
1086,The Believer,2002,"['balcony', 'brown', 'carleton']"
